n, r, min, max, avg, Standardabweichung, Varianz, Differenz
10,500,3.0904,3.1912,3.1411912,0.0168415748242259,0.00028363864255999974,-0.0004014535897929328
100,500,3.0848,3.2092,3.142028,0.016323652042358656,0.00026646161599999993,0.00043534641020670506
1000,500,3.0968,3.2044,3.1421023999999997,0.017050825031065215,0.0002907306342400001,0.000509746410206624
10000,500,3.1004,3.1904,3.1417912,0.016010983809872526,0.00025635160256000015,0.00019854641020700114
