n, r, min, max, avg, Standardabweichung, Varianz, Differenz
10,100,3.0988,3.176,3.1404959999999993,0.016152782546669776,0.0002609123839999998,-0.0010966535897938279
100,100,3.1136,3.1748,3.141252,0.014080074431621455,0.00019824849600000023,-0.0003406535897929608
1000,100,3.1068,3.1724,3.141232,0.015269072532410086,0.00023314457600000018,-0.0003606535897930918
10000,100,3.0912,3.1888,3.1404360000000002,0.017420915704979455,0.0003034883039999998,-0.0011566535897928887
