n, r, min, max, avg, Standardabweichung, Varianz
10,50,3.0988,3.1792,3.1415760000000006,0.33846286192441644,0.11455710890206658
100,50,3.104,3.1764,3.1438319999999997,0.1920528323740338,0.036884290422888724
1000,50,3.1156,3.1796,3.1438080000000004,0.10722580016727411,0.0114973722215122
10000,50,3.1076,3.1768,3.1452159999999996,0.05925473274771022,0.0035111233530025613
