n, r, min, max, avg, Standardabweichung, Varianz
10,100,3.102,3.1864,3.1438439999999996,0.41494610851281755,0.17218027296993096
100,100,3.106,3.1808,3.140548,0.22644430166022764,0.051277021754388176
1000,100,3.102,3.18,3.141812,0.1263594510505906,0.0159667108698066
10000,100,3.0956,3.2016,3.1431159999999996,0.0781214720448622,0.006102964394456185
