r, min, max, avg, Standardabweichung, Varianz
50,3.0888,3.176,3.1399920000000003,0.36103205889220324,0.1303441475479433
50,3.1,3.182,3.1415840000000004,0.19848687483730995,0.039397039482681945
50,3.1092,3.1812,3.14092,0.10311190382352356,0.010632064710111572
50,3.1116,3.17,3.14048,0.05768081825898384,0.0033270767950259236
