n, r, min, max, avg, Standardabweichung, Varianz
10,200,3.0992,3.1812,3.1412919999999995,0.4707530719096368,0.22160845471235965
100,200,3.098,3.1936,3.140174,0.27933017222094425,0.07802534511298237
1000,200,3.0868,3.176,3.1409799999999994,0.14788310393427473,0.021869412429235503
10000,200,3.092,3.1888,3.1414679999999997,0.08374240758536781,0.007012790828193868
