n, r, min, max, avg, Standardabweichung, Varianz, Differenz
10,50,3.1004,3.1732,3.138384,0.015344150155678228,0.00023544294400000017,-0.0032086535897932755
100,50,3.0892,3.1856,3.1406560000000003,0.01982414850630413,0.00039299686400000035,-0.0009366535897927797
1000,50,3.0972,3.19,3.1420880000000007,0.020211092399966886,0.00040848825599999923,0.0004953464102075422
10000,50,3.0984,3.176,3.1413199999999994,0.015153666223062986,0.00022963360000000002,-0.00027265358979366994
