n, r, min, max, avg, Standardabweichung, Varianz, Differenz
10,1000,3.094,3.1952,3.1420732,0.01594810339068568,0.00025434200176000004,0.0004805464102068946
100,1000,3.094,3.196,3.1413544,0.016294219853678172,0.0002655016006399999,-0.00023825358979312483
1000,1000,3.092,3.1948,3.1413168,0.017067764872999623,0.0002913085977599998,-0.00027585358979331787
10000,1000,3.0928,3.2016,3.1414936,0.016400659713560303,0.0002689816390399999,-9.905358979311885e-05
